pdb_id,hla_allele
4PRA,HLA-B*35:01
4PRB,HLA-B*35:08
4PRD,HLA-B*35:08
4PRE,HLA-B*35:08
4PRH,HLA-B*35:08
4PRI,HLA-B*35:08
4PRP,HLA-B*35:01
5VVP,HLA-B*57:03
5VWD,HLA-B*57:03
5VWF,HLA-B*58:03
6BXQ,HLA-B*57:01
6GGM,HLA-E*01:03
6GH1,HLA-E*01:03
6GH4,HLA-E*01:03
6GL1,HLA-E*01:03
6ID4,HLA-A*11:01
6MTL,HLA-B*44:05
6TMO,HLA-A*02:01
6UZM,HLA-B*15:02
6UZN,HLA-B*15:02
6UZO,HLA-B*15:02
6UZP,HLA-B*15:01
6UZQ,HLA-B*15:01
6UZS,HLA-B*15:01
6V2O,HLA-B*57:01
6VB0,HLA-B*15:02
6VB1,HLA-B*15:02
6VB2,HLA-B*15:02
6VB3,HLA-B*15:01
6VB4,HLA-B*15:02
6VB5,HLA-B*15:02
6VB6,HLA-B*15:02
6VB7,HLA-B*15:02
6VIU,HLA-B*15:02
6VPZ,HLA-B*27:05
6VQ2,HLA-B*27:05
6VQD,HLA-B*27:05
6VQE,HLA-B*27:05
6VQY,HLA-B*27:05
6VQZ,HLA-B*27:05
6W51,HLA-A*02:01
7K80,HLA-A*24:02
7K81,HLA-A*24:02
7MJ6,HLA-A*02:01
7MJ7,HLA-A*02:01
7MJ8,HLA-A*02:01
7MJ9,HLA-A*02:01
7OW3,HLA-A*11:01
7OW4,HLA-A*11:01
7OW5,HLA-A*11:01
7OW6,HLA-A*11:01
7PB2,HLA-A*11:01
7PBC,HLA-A*02:01
7PDW,HLA-A*02:01
7QPJ,HLA-A*02:01
7SA2,HLA-A*02:01
7T0L,HLA-B*27:05
7T5M,HLA-A*02:01
7YG3,HLA-B*13:01
8EMF,HLA-B*35:01
8EMG,HLA-B*35:01
8EMI,HLA-B*35:01
8EMJ,HLA-B*35:01
8EMK,HLA-B*35:01
8EN8,HLA-B*35:01
8ENH,HLA-B*35:01
8EO8,HLA-B*35:01
8RYN,HLA-A*11:01
8RYQ,HLA-A*11:01
8SBK,HLA-A*24:02
8SBL,HLA-A*24:02
8V4Z,HLA-B*35:01
8WUL,HLA-A*11:01
9BL5,HLA-A*24:02
9BL6,HLA-A*24:02
9BL9,HLA-A*24:02
9BLA,HLA-A*24:02
9C96,HLA-A*02:01
9L47,HLA-C*12:03
9L48,HLA-C*12:02
9L49,HLA-C*12:03
9L4A,HLA-C*12:02
